{
  "degree_program": {
    "precision": 1.0,
    "recall": 0.9411764705882353,
    "f1-score": 0.9696969696969697,
    "support": 17
  },
  "location": {
    "precision": 0.9393939393939394,
    "recall": 0.9253731343283582,
    "f1-score": 0.9323308270676692,
    "support": 67
  },
  "name": {
    "precision": 0.9213483146067416,
    "recall": 0.8817204301075269,
    "f1-score": 0.901098901098901,
    "support": 93
  },
  "no_entity": {
    "precision": 0.9752891692954785,
    "recall": 0.9930406852248393,
    "f1-score": 0.9840848806366047,
    "support": 1868
  },
  "word": {
    "precision": 0.9056603773584906,
    "recall": 0.5925925925925926,
    "f1-score": 0.7164179104477613,
    "support": 81
  },
  "micro avg": {
    "precision": 0.9703668861712136,
    "recall": 0.9703668861712136,
    "f1-score": 0.9703668861712136,
    "support": 2126
  },
  "macro avg": {
    "precision": 0.9483383601309301,
    "recall": 0.8667806625683104,
    "f1-score": 0.9007258977895812,
    "support": 2126
  },
  "weighted avg": {
    "precision": 0.9693431072473248,
    "recall": 0.9703668861712136,
    "f1-score": 0.9685106394525053,
    "support": 2126
  }
}